endpoint	Activate
routing	Aggregator
routing	AggregatorOption
endpoint	ChannelExchange
resilience	CircuitBreakerOption
endpoint	Consume
endpoint	Consumer
endpoint	ConsumerOption
routing	CorrelationStrategy
channel	DirectChannel
endpoint	ExchangeOption
resilience	ExponentialBackoff
channel	FanOutAllSucceed
channel	FanOutBestEffort
channel	FanOutPolicy
routing	Filter
routing	FilterOption
endpoint	Gateway
endpoint	GatewayOption
endpoint	Handler
routing	NewAggregator
endpoint	NewChannelExchange
resilience	NewCircuitBreaker
endpoint	NewConsumer
channel	NewDirectChannel
endpoint	NewGateway
endpoint	NewProducer
channel	NewPublishSubscribeChannel
channel	NewPubSub
channel	NewQueueChannel
routing	NewRouter
resilience	NewTokenBucket
endpoint	OutboundGateway
endpoint	Producer
endpoint	ProducerOption
channel	PublishSubscribeChannel
channel	PubSub
channel	PubSubOption
channel	QueueChannel
routing	ReleaseStrategy
routing	Router
routing	RouterOption
routing	Split
resilience	TokenBucketOption
transform	Transform
routing	WithAggregatorClock
endpoint	WithAttemptTTL
resilience	WithBreakerClock
resilience	WithBreakerCooldown
resilience	WithBreakerThreshold
endpoint	WithCircuitBreaker
routing	WithCompletionSize
endpoint	WithConcurrency
endpoint	WithConsumerClock
endpoint	WithConsumerCodec
routing	WithCorrelationStrategy
routing	WithDefaultChannel
routing	WithDiscardChannel
endpoint	WithExchangeClock
endpoint	WithExchangeLogger
routing	WithExpiredGroupChannel
channel	WithFanOut
routing	WithGroupTimeout
endpoint	WithHandlerTimeout
endpoint	WithHooks
endpoint	WithInvalidMessageSink
endpoint	WithLogger
endpoint	WithMaxInFlight
endpoint	WithMaxPayloadBytes
routing	WithOutputChannel
endpoint	WithOverflow
endpoint	WithPollInterval
endpoint	WithPollMaxBatch
endpoint	WithProducerClock
endpoint	WithProducerCodec
endpoint	WithProducerDeadLetterTimeout
endpoint	WithProducerHooks
endpoint	WithProducerLogger
endpoint	WithProducerRetry
endpoint	WithProducerRetryAfterCap
endpoint	WithProducerRetryBudget
channel	WithPubSubLogger
endpoint	WithRateLimit
routing	WithReleaseStrategy
routing	WithReleaseWhen
endpoint	WithReplyTimeout
endpoint	WithRetryPolicy
endpoint	WithShutdownTimeout
channel	WithSingleSubscriber
resilience	WithTokenBucketClock
endpoint	WithUnmatchedReplySink
